email,firstname,lastname,balance,password
Jean.author@gmail.com,jean,author,10000,jean@123
David.allen@gmail.com,david,allen,6000,david@123
Scott.young@gmail.com, scott,young,7000,scott@123
john@gmail.com,john,doe,15600,john@123
sui@gmail.com,sui,beauty,6200,sui@123
haha@gmail.com,haha,yeah,5000,haha@123
eric123@gmail.com,eric,sei,5500,eric@123
jaja@gmail.com,ja,ja,5000,jaja@123
vicent@gmail.com,vicent,john,4500,vicent@123
